Name,Age,Gender,Patient ID,Disorder,Dosage Stage,Observations,Lab Result,Initial Response,Side Effects,Outcome
Bob Clark,78,Male,1001,Depression,Stage 3,Low mood,Elevated,No Change,Dizziness,Deteriorated
Emma Smith,41,Female,1002,Migraines,Stage 2,Severe headache,Elevated,No Change,Dizziness,Improved
Olivia Doe,44,Male,1003,Migraines,Stage 3,Severe headache,Elevated,Significant Improvement,Dizziness,Stable
Emma Brown,24,Male,1004,Asthma,Stage 1,Shortness of breath,Normal,Mild Improvement,Headache,Improved
Liam Black,19,Female,1005,Hypertension,Stage 4,Elevated BP,126/91,Mild Improvement,None,Improved
Jane Green,71,Female,1006,Arthritis,Stage 4,Joint pain,Elevated,Mild Improvement,Drowsiness,Improved
James Harris,77,Male,1007,Depression,Stage 2,Low mood,Elevated,Mild Improvement,None,Stable
John Lewis,24,Male,1008,Hypertension,Stage 4,Elevated BP,120/91,Significant Improvement,Fatigue,Deteriorated
James Brown,52,Male,1009,Hypertension,Stage 3,Elevated BP,124/89,No Change,Dizziness,Improved
Sophia Harris,79,Female,1010,Hypertension,Stage 1,Elevated BP,154/91,No Change,Fatigue,Stable
Alice Doe,22,Female,1011,Depression,Stage 3,Low mood,Elevated,Significant Improvement,Headache,Improved
Alice Harris,66,Female,1012,Arthritis,Stage 1,Joint pain,Elevated,Significant Improvement,Nausea,Deteriorated
Bob Harris,76,Male,1013,Asthma,Stage 2,Shortness of breath,Normal,No Change,Drowsiness,Improved
Liam Harris,45,Male,1014,Migraines,Stage 3,Severe headache,Elevated,No Change,None,Deteriorated
Charlie Clark,44,Male,1015,Depression,Stage 2,Low mood,Elevated,Significant Improvement,Fatigue,Improved
Bob Doe,79,Male,1016,Hypertension,Stage 2,Elevated BP,131/86,No Change,Nausea,Stable
John Smith,19,Female,1017,Hypertension,Stage 2,Elevated BP,142/84,No Change,Fatigue,Improved
Emma Young,49,Female,1018,Diabetes,Stage 4,High blood sugar,255 mg/dL,Significant Improvement,Drowsiness,Stable
Jane Green,39,Male,1019,Arthritis,Stage 3,Joint pain,Elevated,No Change,Fatigue,Deteriorated
Alice Young,20,Male,1020,Arthritis,Stage 3,Joint pain,Elevated,No Change,Headache,Stable
Olivia Lewis,67,Male,1021,Asthma,Stage 3,Shortness of breath,Normal,Mild Improvement,None,Stable
John Black,54,Female,1022,Diabetes,Stage 3,High blood sugar,298 mg/dL,Significant Improvement,Dizziness,Improved
James White,28,Male,1023,Hypertension,Stage 4,Elevated BP,155/85,Mild Improvement,None,Deteriorated
Jane Smith,19,Female,1024,Hypertension,Stage 3,Elevated BP,135/88,No Change,Drowsiness,Stable
James Clark,24,Male,1025,Arthritis,Stage 1,Joint pain,Elevated,Mild Improvement,Drowsiness,Improved
Charlie Green,62,Male,1026,Migraines,Stage 2,Severe headache,Elevated,Significant Improvement,None,Stable
Alice White,52,Female,1027,Arthritis,Stage 1,Joint pain,Elevated,Mild Improvement,Fatigue,Stable
James Doe,63,Male,1028,COPD,Stage 3,Difficulty breathing,89% O2 Sat,Significant Improvement,None,Deteriorated
Olivia Young,48,Female,1029,Diabetes,Stage 2,High blood sugar,245 mg/dL,Mild Improvement,Drowsiness,Deteriorated
Liam Smith,43,Male,1030,Diabetes,Stage 4,High blood sugar,242 mg/dL,Significant Improvement,Nausea,Improved
Liam Brown,67,Male,1031,Depression,Stage 4,Low mood,Elevated,No Change,Dizziness,Stable
Alice Harris,32,Female,1032,Migraines,Stage 2,Severe headache,Elevated,Significant Improvement,Drowsiness,Stable
Liam Young,39,Male,1033,Migraines,Stage 4,Severe headache,Elevated,No Change,Nausea,Stable
Bob Green,62,Female,1034,Depression,Stage 4,Low mood,Elevated,No Change,Headache,Improved
Alice Doe,73,Male,1035,Migraines,Stage 3,Severe headache,Elevated,Mild Improvement,None,Stable
Liam Young,18,Male,1036,Hypertension,Stage 2,Elevated BP,151/95,No Change,Nausea,Stable
Sophia Black,39,Male,1037,COPD,Stage 3,Difficulty breathing,87% O2 Sat,No Change,Drowsiness,Stable
Emma Doe,47,Female,1038,COPD,Stage 2,Difficulty breathing,94% O2 Sat,Mild Improvement,Nausea,Deteriorated
John Black,40,Female,1039,Arthritis,Stage 2,Joint pain,Elevated,Significant Improvement,Headache,Improved
Liam Doe,73,Male,1040,Asthma,Stage 1,Shortness of breath,Normal,Mild Improvement,None,Deteriorated
James Smith,52,Female,1041,Arthritis,Stage 1,Joint pain,Elevated,Significant Improvement,None,Stable
Jane Brown,67,Male,1042,Diabetes,Stage 3,High blood sugar,292 mg/dL,Mild Improvement,Headache,Improved
Alice Lewis,24,Female,1043,Diabetes,Stage 2,High blood sugar,288 mg/dL,No Change,None,Improved
Olivia Clark,52,Male,1044,COPD,Stage 3,Difficulty breathing,92% O2 Sat,Significant Improvement,Drowsiness,Stable
John Harris,30,Male,1045,Arthritis,Stage 1,Joint pain,Elevated,No Change,Drowsiness,Stable
Alice Doe,53,Female,1046,Migraines,Stage 1,Severe headache,Elevated,Mild Improvement,Dizziness,Deteriorated
Emma Black,52,Female,1047,Diabetes,Stage 1,High blood sugar,252 mg/dL,No Change,Nausea,Stable
Liam Harris,31,Male,1048,Diabetes,Stage 2,High blood sugar,286 mg/dL,Significant Improvement,Dizziness,Stable
Liam Doe,78,Female,1049,Diabetes,Stage 3,High blood sugar,241 mg/dL,Mild Improvement,Fatigue,Improved
Emma Black,55,Male,1050,Diabetes,Stage 4,High blood sugar,216 mg/dL,No Change,Nausea,Improved
Alice Green,56,Male,1051,Arthritis,Stage 2,Joint pain,Elevated,No Change,Nausea,Improved
Liam White,45,Female,1052,Arthritis,Stage 1,Joint pain,Elevated,Significant Improvement,Dizziness,Stable
James Doe,55,Male,1053,Hypertension,Stage 2,Elevated BP,151/92,Mild Improvement,Nausea,Deteriorated
Emma White,52,Male,1054,Arthritis,Stage 4,Joint pain,Elevated,No Change,Drowsiness,Improved
Sophia Lewis,28,Female,1055,Asthma,Stage 2,Shortness of breath,Normal,No Change,Headache,Improved
Jane Black,58,Female,1056,Diabetes,Stage 4,High blood sugar,272 mg/dL,No Change,Dizziness,Stable
Alice Green,35,Male,1057,Arthritis,Stage 4,Joint pain,Elevated,Mild Improvement,Drowsiness,Improved
Emma Harris,73,Male,1058,Asthma,Stage 2,Shortness of breath,Normal,Significant Improvement,Nausea,Improved
Olivia Green,76,Male,1059,Depression,Stage 1,Low mood,Elevated,Significant Improvement,None,Stable
Charlie Doe,22,Male,1060,Depression,Stage 1,Low mood,Elevated,No Change,Nausea,Stable
Liam Brown,34,Male,1061,Diabetes,Stage 2,High blood sugar,200 mg/dL,No Change,Nausea,Improved
John Clark,49,Female,1062,Hypertension,Stage 4,Elevated BP,150/87,Mild Improvement,Headache,Improved
Alice Smith,29,Male,1063,Migraines,Stage 2,Severe headache,Elevated,Significant Improvement,Nausea,Stable
Jane Brown,56,Female,1064,Migraines,Stage 4,Severe headache,Elevated,Mild Improvement,Drowsiness,Deteriorated
Alice Smith,69,Male,1065,Asthma,Stage 2,Shortness of breath,Normal,Mild Improvement,Fatigue,Stable
Bob Young,73,Male,1066,COPD,Stage 2,Difficulty breathing,89% O2 Sat,Mild Improvement,Drowsiness,Stable
Alice Lewis,40,Male,1067,Diabetes,Stage 4,High blood sugar,215 mg/dL,No Change,Fatigue,Deteriorated
Jane Young,68,Male,1068,Asthma,Stage 1,Shortness of breath,Normal,No Change,Drowsiness,Stable
John Black,58,Female,1069,Migraines,Stage 2,Severe headache,Elevated,No Change,Fatigue,Stable
Olivia Lewis,39,Male,1070,Diabetes,Stage 4,High blood sugar,262 mg/dL,Mild Improvement,Dizziness,Stable
Vamshi,39,Male,1070,fever,Stage 5,Improved high blood sugar,273 mg/dL,Improvement,Dizziness,Deteriorated
